Distance,Bps
400.0,247.5234220246003
577.7777777777778,171.3626528313949
755.5555555555555,131.04214328917826
933.3333333333333,106.08179242162403
1111.111111111111,89.10873854984806
1288.888888888889,76.8178985372558
1466.6666666666665,67.50665177843028
1644.4444444444443,60.208644803399075
1822.2222222222222,54.33463769181133
2000.0,49.50489731208538
