Distance,Bps
400.0,247.52379423956884
577.7777777777778,202.51961002801298
755.5555555555555,171.36283047121267
933.3333333333333,148.5145064315438
1111.111111111111,131.04224727285194
1288.888888888889,117.24835184117207
1466.6666666666665,106.08186064685056
1644.4444444444443,96.85736503153015
1822.2222222222222,89.10878662756278
2000.0,82.50814429563148
